Frequency [Hz],Attack angle [deg],Free-stream velocity [m/s],Pressure level [db],Chord length [mm],Thickness [mm]
800,0.0,71.3,126.201,304.8,2.66337
1000,0.0,71.3,125.201,304.8,2.66337
1250,0.0,71.3,125.951,304.8,2.66337
1600,0.0,71.3,127.591,304.8,2.66337
2000,0.0,71.3,127.461,304.8,2.66337
2500,0.0,71.3,125.571,304.8,2.66337
3150,0.0,71.3,125.201,304.8,2.66337
4000,0.0,71.3,123.061,304.8,2.66337
5000,0.0,71.3,121.301,304.8,2.66337
6300,0.0,71.3,119.541,304.8,2.66337
8000,0.0,71.3,117.151,304.8,2.66337
10000,0.0,71.3,115.391,304.8,2.66337
12500,0.0,71.3,112.241,304.8,2.66337
16000,0.0,71.3,108.721,304.8,2.66337
500,0.0,55.5,126.416,304.8,2.83081
630,0.0,55.5,127.696,304.8,2.83081
800,0.0,55.5,128.086,304.8,2.83081
1000,0.0,55.5,126.966,304.8,2.83081
1250,0.0,55.5,126.086,304.8,2.83081
1600,0.0,55.5,126.986,304.8,2.83081
2000,0.0,55.5,126.616,304.8,2.83081
2500,0.0,55.5,124.106,304.8,2.83081
3150,0.0,55.5,123.236,304.8,2.83081
4000,0.0,55.5,121.106,304.8,2.83081
5000,0.0,55.5,119.606,304.8,2.83081
6300,0.0,55.5,117.976,304.8,2.83081
8000,0.0,55.5,116.476,304.8,2.83081
10000,0.0,55.5,113.076,304.8,2.83081
12500,0.0,55.5,111.076,304.8,2.83081
200,0.0,39.6,118.129,304.8,3.10138
250,0.0,39.6,119.319,304.8,3.10138
315,0.0,39.6,122.779,304.8,3.10138
400,0.0,39.6,124.809,304.8,3.10138
500,0.0,39.6,126.959,304.8,3.10138
630,0.0,39.6,128.629,304.8,3.10138
800,0.0,39.6,129.099,304.8,3.10138
1000,0.0,39.6,127.899,304.8,3.10138
1250,0.0,39.6,125.499,304.8,3.10138
1600,0.0,39.6,124.049,304.8,3.10138
2000,0.0,39.6,123.689,304.8,3.10138
2500,0.0,39.6,121.399,304.8,3.10138
3150,0.0,39.6,120.319,304.8,3.10138
4000,0.0,39.6,119.229,304.8,3.10138
5000,0.0,39.6,117.789,304.8,3.10138
6300,0.0,39.6,116.229,304.8,3.10138
8000,0.0,39.6,114.779,304.8,3.10138
10000,0.0,39.6,112.139,304.8,3.10138
12500,0.0,39.6,109.619,304.8,3.10138
200,0.0,31.7,117.195,304.8,3.3126599999999997
250,0.0,31.7,118.595,304.8,3.3126599999999997
315,0.0,31.7,122.765,304.8,3.3126599999999997
400,0.0,31.7,125.045,304.8,3.3126599999999997
500,0.0,31.7,127.315,304.8,3.3126599999999997
630,0.0,31.7,129.095,304.8,3.3126599999999997
800,0.0,31.7,129.235,304.8,3.3126599999999997
1000,0.0,31.7,127.365,304.8,3.3126599999999997
1250,0.0,31.7,124.355,304.8,3.3126599999999997
1600,0.0,31.7,122.365,304.8,3.3126599999999997
2000,0.0,31.7,122.375,304.8,3.3126599999999997
2500,0.0,31.7,120.755,304.8,3.3126599999999997
3150,0.0,31.7,119.135,304.8,3.3126599999999997
4000,0.0,31.7,118.145,304.8,3.3126599999999997
5000,0.0,31.7,115.645,304.8,3.3126599999999997
6300,0.0,31.7,113.775,304.8,3.3126599999999997
8000,0.0,31.7,110.515,304.8,3.3126599999999997
10000,0.0,31.7,108.265,304.8,3.3126599999999997
800,1.5,71.3,127.122,304.8,3.36729
1000,1.5,71.3,125.992,304.8,3.36729
1250,1.5,71.3,125.872,304.8,3.36729
1600,1.5,71.3,126.632,304.8,3.36729
2000,1.5,71.3,126.642,304.8,3.36729
2500,1.5,71.3,124.512,304.8,3.36729
3150,1.5,71.3,123.392,304.8,3.36729
4000,1.5,71.3,121.762,304.8,3.36729
5000,1.5,71.3,119.632,304.8,3.36729
6300,1.5,71.3,118.122,304.8,3.36729
8000,1.5,71.3,115.372,304.8,3.36729
10000,1.5,71.3,113.492,304.8,3.36729
12500,1.5,71.3,109.222,304.8,3.36729
16000,1.5,71.3,106.582,304.8,3.36729
315,1.5,39.6,121.851,304.8,3.9210699999999994
400,1.5,39.6,124.001,304.8,3.9210699999999994
500,1.5,39.6,126.661,304.8,3.9210699999999994
630,1.5,39.6,128.311,304.8,3.9210699999999994
800,1.5,39.6,128.831,304.8,3.9210699999999994
1000,1.5,39.6,127.581,304.8,3.9210699999999994
1250,1.5,39.6,125.211,304.8,3.9210699999999994
1600,1.5,39.6,122.211,304.8,3.9210699999999994
2000,1.5,39.6,122.101,304.8,3.9210699999999994
2500,1.5,39.6,120.981,304.8,3.9210699999999994
3150,1.5,39.6,119.111,304.8,3.9210699999999994
4000,1.5,39.6,117.741,304.8,3.9210699999999994
5000,1.5,39.6,116.241,304.8,3.9210699999999994
6300,1.5,39.6,114.751,304.8,3.9210699999999994
8000,1.5,39.6,112.251,304.8,3.9210699999999994
10000,1.5,39.6,108.991,304.8,3.9210699999999994
12500,1.5,39.6,106.111,304.8,3.9210699999999994
400,3.0,71.3,127.564,304.8,4.257269999999999
500,3.0,71.3,128.454,304.8,4.257269999999999
630,3.0,71.3,129.354,304.8,4.257269999999999
800,3.0,71.3,129.494,304.8,4.257269999999999
1000,3.0,71.3,129.004,304.8,4.257269999999999
1250,3.0,71.3,127.634,304.8,4.257269999999999
1600,3.0,71.3,126.514,304.8,4.257269999999999
2000,3.0,71.3,125.524,304.8,4.257269999999999
2500,3.0,71.3,124.024,304.8,4.257269999999999
3150,3.0,71.3,121.514,304.8,4.257269999999999
4000,3.0,71.3,120.264,304.8,4.257269999999999
5000,3.0,71.3,118.134,304.8,4.257269999999999
6300,3.0,71.3,116.134,304.8,4.257269999999999
8000,3.0,71.3,114.634,304.8,4.257269999999999
10000,3.0,71.3,110.224,304.8,4.257269999999999
400,3.0,55.5,126.159,304.8,4.52492
500,3.0,55.5,128.179,304.8,4.52492
630,3.0,55.5,129.569,304.8,4.52492
800,3.0,55.5,129.949,304.8,4.52492
1000,3.0,55.5,129.329,304.8,4.52492
1250,3.0,55.5,127.329,304.8,4.52492
1600,3.0,55.5,124.439,304.8,4.52492
2000,3.0,55.5,123.069,304.8,4.52492
2500,3.0,55.5,122.439,304.8,4.52492
3150,3.0,55.5,120.189,304.8,4.52492
4000,3.0,55.5,118.689,304.8,4.52492
5000,3.0,55.5,117.309,304.8,4.52492
6300,3.0,55.5,115.679,304.8,4.52492
8000,3.0,55.5,113.799,304.8,4.52492
10000,3.0,55.5,112.169,304.8,4.52492
315,3.0,39.6,123.312,304.8,4.957409999999999
400,3.0,39.6,125.472,304.8,4.957409999999999
500,3.0,39.6,127.632,304.8,4.957409999999999
630,3.0,39.6,129.292,304.8,4.957409999999999
800,3.0,39.6,129.552,304.8,4.957409999999999
1000,3.0,39.6,128.312,304.8,4.957409999999999
1250,3.0,39.6,125.802,304.8,4.957409999999999
1600,3.0,39.6,122.782,304.8,4.957409999999999
2000,3.0,39.6,120.532,304.8,4.957409999999999
2500,3.0,39.6,120.162,304.8,4.957409999999999
3150,3.0,39.6,118.922,304.8,4.957409999999999
4000,3.0,39.6,116.792,304.8,4.957409999999999
5000,3.0,39.6,115.792,304.8,4.957409999999999
6300,3.0,39.6,114.042,304.8,4.957409999999999
8000,3.0,39.6,110.652,304.8,4.957409999999999
315,3.0,31.7,123.118,304.8,5.29514
400,3.0,31.7,125.398,304.8,5.29514
500,3.0,31.7,127.548,304.8,5.29514
630,3.0,31.7,128.698,304.8,5.29514
800,3.0,31.7,128.708,304.8,5.29514
1000,3.0,31.7,126.838,304.8,5.29514
1250,3.0,31.7,124.838,304.8,5.29514
1600,3.0,31.7,122.088,304.8,5.29514
2000,3.0,31.7,120.088,304.8,5.29514
2500,3.0,31.7,119.598,304.8,5.29514
3150,3.0,31.7,118.108,304.8,5.29514
4000,3.0,31.7,115.608,304.8,5.29514
5000,3.0,31.7,113.858,304.8,5.29514
6300,3.0,31.7,109.718,304.8,5.29514
250,4.0,71.3,126.395,304.8,4.977729999999999
315,4.0,71.3,128.175,304.8,4.977729999999999
400,4.0,71.3,129.575,304.8,4.977729999999999
500,4.0,71.3,130.715,304.8,4.977729999999999
630,4.0,71.3,131.615,304.8,4.977729999999999
800,4.0,71.3,131.755,304.8,4.977729999999999
1000,4.0,71.3,131.015,304.8,4.977729999999999
1250,4.0,71.3,129.395,304.8,4.977729999999999
1600,4.0,71.3,126.645,304.8,4.977729999999999
2000,4.0,71.3,124.395,304.8,4.977729999999999
2500,4.0,71.3,123.775,304.8,4.977729999999999
3150,4.0,71.3,121.775,304.8,4.977729999999999
4000,4.0,71.3,119.535,304.8,4.977729999999999
5000,4.0,71.3,117.785,304.8,4.977729999999999
6300,4.0,71.3,116.165,304.8,4.977729999999999
8000,4.0,71.3,113.665,304.8,4.977729999999999
10000,4.0,71.3,110.905,304.8,4.977729999999999
12500,4.0,71.3,107.405,304.8,4.977729999999999
250,4.0,39.6,123.543,304.8,5.79636
315,4.0,39.6,126.843,304.8,5.79636
400,4.0,39.6,128.633,304.8,5.79636
500,4.0,39.6,130.173,304.8,5.79636
630,4.0,39.6,131.073,304.8,5.79636
800,4.0,39.6,130.723,304.8,5.79636
1000,4.0,39.6,128.723,304.8,5.79636
1250,4.0,39.6,126.343,304.8,5.79636
1600,4.0,39.6,123.213,304.8,5.79636
2000,4.0,39.6,120.963,304.8,5.79636
2500,4.0,39.6,120.233,304.8,5.79636
3150,4.0,39.6,118.743,304.8,5.79636
4000,4.0,39.6,115.863,304.8,5.79636
5000,4.0,39.6,113.733,304.8,5.79636
1250,0.0,71.3,128.144,228.6,2.14345
1600,0.0,71.3,129.134,228.6,2.14345
2000,0.0,71.3,128.244,228.6,2.14345
2500,0.0,71.3,128.354,228.6,2.14345
3150,0.0,71.3,127.834,228.6,2.14345
4000,0.0,71.3,125.824,228.6,2.14345
5000,0.0,71.3,124.304,228.6,2.14345
6300,0.0,71.3,122.044,228.6,2.14345
8000,0.0,71.3,118.024,228.6,2.14345
10000,0.0,71.3,118.134,228.6,2.14345
12500,0.0,71.3,117.624,228.6,2.14345
16000,0.0,71.3,114.984,228.6,2.14345
20000,0.0,71.3,114.474,228.6,2.14345
315,0.0,55.5,119.54,228.6,2.29336
400,0.0,55.5,121.66,228.6,2.29336
500,0.0,55.5,123.78,228.6,2.29336
630,0.0,55.5,126.16,228.6,2.29336
800,0.0,55.5,127.53,228.6,2.29336
1000,0.0,55.5,128.29,228.6,2.29336
1250,0.0,55.5,127.91,228.6,2.29336
1600,0.0,55.5,126.79,228.6,2.29336
2000,0.0,55.5,126.54,228.6,2.29336
2500,0.0,55.5,126.54,228.6,2.29336
3150,0.0,55.5,125.16,228.6,2.29336
4000,0.0,55.5,123.41,228.6,2.29336
5000,0.0,55.5,122.41,228.6,2.29336
6300,0.0,55.5,118.41,228.6,2.29336
315,0.0,39.6,121.055,228.6,2.53511
400,0.0,39.6,123.565,228.6,2.53511
500,0.0,39.6,126.195,228.6,2.53511
630,0.0,39.6,128.705,228.6,2.53511
800,0.0,39.6,130.205,228.6,2.53511
1000,0.0,39.6,130.435,228.6,2.53511
1250,0.0,39.6,129.395,228.6,2.53511
1600,0.0,39.6,127.095,228.6,2.53511
2000,0.0,39.6,125.305,228.6,2.53511
2500,0.0,39.6,125.025,228.6,2.53511
3150,0.0,39.6,124.625,228.6,2.53511
4000,0.0,39.6,123.465,228.6,2.53511
5000,0.0,39.6,122.175,228.6,2.53511
6300,0.0,39.6,117.465,228.6,2.53511
315,0.0,31.7,120.595,228.6,2.7238
400,0.0,31.7,123.635,228.6,2.7238
500,0.0,31.7,126.675,228.6,2.7238
630,0.0,31.7,129.465,228.6,2.7238
800,0.0,31.7,130.725,228.6,2.7238
1000,0.0,31.7,130.595,228.6,2.7238
1250,0.0,31.7,128.805,228.6,2.7238
1600,0.0,31.7,125.625,228.6,2.7238
2000,0.0,31.7,123.455,228.6,2.7238
2500,0.0,31.7,123.445,228.6,2.7238
3150,0.0,31.7,123.445,228.6,2.7238
4000,0.0,31.7,122.035,228.6,2.7238
5000,0.0,31.7,120.505,228.6,2.7238
6300,0.0,31.7,116.815,228.6,2.7238
400,2.0,71.3,125.116,228.6,2.9303100000000004
500,2.0,71.3,126.486,228.6,2.9303100000000004
630,2.0,71.3,127.356,228.6,2.9303100000000004
800,2.0,71.3,128.216,228.6,2.9303100000000004
1000,2.0,71.3,128.956,228.6,2.9303100000000004
1250,2.0,71.3,128.816,228.6,2.9303100000000004
1600,2.0,71.3,127.796,228.6,2.9303100000000004
2000,2.0,71.3,126.896,228.6,2.9303100000000004
2500,2.0,71.3,127.006,228.6,2.9303100000000004
3150,2.0,71.3,126.116,228.6,2.9303100000000004
4000,2.0,71.3,124.086,228.6,2.9303100000000004
5000,2.0,71.3,122.816,228.6,2.9303100000000004
6300,2.0,71.3,120.786,228.6,2.9303100000000004
8000,2.0,71.3,115.996,228.6,2.9303100000000004
10000,2.0,71.3,113.086,228.6,2.9303100000000004
400,2.0,55.5,122.292,228.6,3.13525
500,2.0,55.5,124.692,228.6,3.13525
630,2.0,55.5,126.842,228.6,3.13525
800,2.0,55.5,128.492,228.6,3.13525
1000,2.0,55.5,129.002,228.6,3.13525
1250,2.0,55.5,128.762,228.6,3.13525
1600,2.0,55.5,126.752,228.6,3.13525
2000,2.0,55.5,124.612,228.6,3.13525
2500,2.0,55.5,123.862,228.6,3.13525
3150,2.0,55.5,123.742,228.6,3.13525
4000,2.0,55.5,122.232,228.6,3.13525
5000,2.0,55.5,120.472,228.6,3.13525
6300,2.0,55.5,118.712,228.6,3.13525
315,2.0,39.6,120.137,228.6,3.4657400000000003
400,2.0,39.6,122.147,228.6,3.4657400000000003
500,2.0,39.6,125.157,228.6,3.4657400000000003
630,2.0,39.6,127.417,228.6,3.4657400000000003
800,2.0,39.6,129.037,228.6,3.4657400000000003
1000,2.0,39.6,129.147,228.6,3.4657400000000003
1250,2.0,39.6,128.257,228.6,3.4657400000000003
1600,2.0,39.6,125.837,228.6,3.4657400000000003
2000,2.0,39.6,122.797,228.6,3.4657400000000003
2500,2.0,39.6,121.397,228.6,3.4657400000000003
3150,2.0,39.6,121.627,228.6,3.4657400000000003
4000,2.0,39.6,120.227,228.6,3.4657400000000003
5000,2.0,39.6,118.827,228.6,3.4657400000000003
6300,2.0,39.6,116.417,228.6,3.4657400000000003
315,2.0,31.7,120.147,228.6,3.72371
400,2.0,31.7,123.417,228.6,3.72371
500,2.0,31.7,126.677,228.6,3.72371
630,2.0,31.7,129.057,228.6,3.72371
800,2.0,31.7,130.307,228.6,3.72371
1000,2.0,31.7,130.307,228.6,3.72371
1250,2.0,31.7,128.677,228.6,3.72371
1600,2.0,31.7,125.797,228.6,3.72371
2000,2.0,31.7,123.037,228.6,3.72371
2500,2.0,31.7,121.407,228.6,3.72371
3150,2.0,31.7,121.527,228.6,3.72371
4000,2.0,31.7,120.527,228.6,3.72371
5000,2.0,31.7,118.267,228.6,3.72371
6300,2.0,31.7,115.137,228.6,3.72371
500,4.0,71.3,126.758,228.6,4.00603
630,4.0,71.3,129.038,228.6,4.00603
800,4.0,71.3,130.688,228.6,4.00603
1000,4.0,71.3,131.708,228.6,4.00603
1250,4.0,71.3,131.718,228.6,4.00603
1600,4.0,71.3,129.468,228.6,4.00603
2000,4.0,71.3,126.218,228.6,4.00603
2500,4.0,71.3,124.338,228.6,4.00603
3150,4.0,71.3,124.108,228.6,4.00603
4000,4.0,71.3,121.728,228.6,4.00603
5000,4.0,71.3,121.118,228.6,4.00603
6300,4.0,71.3,118.618,228.6,4.00603
8000,4.0,71.3,112.848,228.6,4.00603
10000,4.0,71.3,113.108,228.6,4.00603
12500,4.0,71.3,114.258,228.6,4.00603
16000,4.0,71.3,112.768,228.6,4.00603
20000,4.0,71.3,109.638,228.6,4.00603
400,4.0,55.5,123.274,228.6,4.2862
500,4.0,55.5,127.314,228.6,4.2862
630,4.0,55.5,129.964,228.6,4.2862
800,4.0,55.5,131.864,228.6,4.2862
1000,4.0,55.5,132.134,228.6,4.2862
1250,4.0,55.5,131.264,228.6,4.2862
1600,4.0,55.5,128.264,228.6,4.2862
2000,4.0,55.5,124.254,228.6,4.2862
2500,4.0,55.5,122.384,228.6,4.2862
3150,4.0,55.5,122.394,228.6,4.2862
4000,4.0,55.5,120.654,228.6,4.2862
5000,4.0,55.5,120.034,228.6,4.2862
6300,4.0,55.5,117.154,228.6,4.2862
8000,4.0,55.5,112.524,228.6,4.2862
315,4.0,39.6,122.229,228.6,4.73801
400,4.0,39.6,123.879,228.6,4.73801
500,4.0,39.6,127.039,228.6,4.73801
630,4.0,39.6,129.579,228.6,4.73801
800,4.0,39.6,130.469,228.6,4.73801
1000,4.0,39.6,129.969,228.6,4.73801
1250,4.0,39.6,128.339,228.6,4.73801
1600,4.0,39.6,125.319,228.6,4.73801
2000,4.0,39.6,121.659,228.6,4.73801
2500,4.0,39.6,119.649,228.6,4.73801
3150,4.0,39.6,120.419,228.6,4.73801
4000,4.0,39.6,119.159,228.6,4.73801
5000,4.0,39.6,117.649,228.6,4.73801
6300,4.0,39.6,114.249,228.6,4.73801
8000,4.0,39.6,113.129,228.6,4.73801
250,4.0,31.7,120.189,228.6,5.09068
315,4.0,31.7,123.609,228.6,5.09068
400,4.0,31.7,126.149,228.6,5.09068
500,4.0,31.7,128.939,228.6,5.09068
630,4.0,31.7,130.349,228.6,5.09068
800,4.0,31.7,130.869,228.6,5.09068
1000,4.0,31.7,129.869,228.6,5.09068
1250,4.0,31.7,128.119,228.6,5.09068
1600,4.0,31.7,125.229,228.6,5.09068
2000,4.0,31.7,122.089,228.6,5.09068
2500,4.0,31.7,120.209,228.6,5.09068
3150,4.0,31.7,120.229,228.6,5.09068
4000,4.0,31.7,118.859,228.6,5.09068
5000,4.0,31.7,115.969,228.6,5.09068
6300,4.0,31.7,112.699,228.6,5.09068
400,5.3,71.3,127.7,228.6,5.1942
500,5.3,71.3,129.88,228.6,5.1942
630,5.3,71.3,131.8,228.6,5.1942
800,5.3,71.3,133.48,228.6,5.1942
1000,5.3,71.3,134.0,228.6,5.1942
1250,5.3,71.3,133.38,228.6,5.1942
1600,5.3,71.3,130.46,228.6,5.1942
2000,5.3,71.3,125.89,228.6,5.1942
2500,5.3,71.3,123.74,228.6,5.1942
3150,5.3,71.3,123.12,228.6,5.1942
4000,5.3,71.3,120.33,228.6,5.1942
5000,5.3,71.3,118.05,228.6,5.1942
6300,5.3,71.3,116.92,228.6,5.1942
8000,5.3,71.3,114.9,228.6,5.1942
10000,5.3,71.3,111.35,228.6,5.1942
250,5.3,39.6,127.011,228.6,6.14329
315,5.3,39.6,129.691,228.6,6.14329
400,5.3,39.6,131.221,228.6,6.14329
500,5.3,39.6,132.251,228.6,6.14329
630,5.3,39.6,132.011,228.6,6.14329
800,5.3,39.6,129.491,228.6,6.14329
1000,5.3,39.6,125.581,228.6,6.14329
1250,5.3,39.6,125.721,228.6,6.14329
1600,5.3,39.6,123.081,228.6,6.14329
2000,5.3,39.6,117.911,228.6,6.14329
2500,5.3,39.6,116.151,228.6,6.14329
3150,5.3,39.6,118.441,228.6,6.14329
4000,5.3,39.6,115.801,228.6,6.14329
5000,5.3,39.6,115.311,228.6,6.14329
6300,5.3,39.6,112.541,228.6,6.14329
200,7.3,71.3,138.758,228.6,10.4404
250,7.3,71.3,139.918,228.6,10.4404
315,7.3,71.3,139.808,228.6,10.4404
400,7.3,71.3,139.438,228.6,10.4404
500,7.3,71.3,136.798,228.6,10.4404
630,7.3,71.3,133.768,228.6,10.4404
800,7.3,71.3,130.748,228.6,10.4404
1000,7.3,71.3,126.838,228.6,10.4404
1250,7.3,71.3,127.358,228.6,10.4404
1600,7.3,71.3,125.728,228.6,10.4404
2000,7.3,71.3,122.708,228.6,10.4404
2500,7.3,71.3,122.088,228.6,10.4404
3150,7.3,71.3,120.458,228.6,10.4404
4000,7.3,71.3,119.208,228.6,10.4404
5000,7.3,71.3,115.298,228.6,10.4404
6300,7.3,71.3,115.818,228.6,10.4404
200,7.3,55.5,135.234,228.6,11.170599999999999
250,7.3,55.5,136.384,228.6,11.170599999999999
315,7.3,55.5,136.284,228.6,11.170599999999999
400,7.3,55.5,135.924,228.6,11.170599999999999
500,7.3,55.5,133.174,228.6,11.170599999999999
630,7.3,55.5,130.934,228.6,11.170599999999999
800,7.3,55.5,128.444,228.6,11.170599999999999
1000,7.3,55.5,125.194,228.6,11.170599999999999
1250,7.3,55.5,125.724,228.6,11.170599999999999
1600,7.3,55.5,123.354,228.6,11.170599999999999
2000,7.3,55.5,120.354,228.6,11.170599999999999
2500,7.3,55.5,118.994,228.6,11.170599999999999
3150,7.3,55.5,117.134,228.6,11.170599999999999
4000,7.3,55.5,117.284,228.6,11.170599999999999
5000,7.3,55.5,113.144,228.6,11.170599999999999
6300,7.3,55.5,111.534,228.6,11.170599999999999
200,7.3,39.6,130.989,228.6,12.3481
250,7.3,39.6,131.889,228.6,12.3481
315,7.3,39.6,132.149,228.6,12.3481
400,7.3,39.6,132.039,228.6,12.3481
500,7.3,39.6,130.299,228.6,12.3481
630,7.3,39.6,128.929,228.6,12.3481
800,7.3,39.6,126.299,228.6,12.3481
1000,7.3,39.6,122.539,228.6,12.3481
1250,7.3,39.6,123.189,228.6,12.3481
1600,7.3,39.6,121.059,228.6,12.3481
2000,7.3,39.6,117.809,228.6,12.3481
2500,7.3,39.6,116.559,228.6,12.3481
3150,7.3,39.6,114.309,228.6,12.3481
4000,7.3,39.6,114.079,228.6,12.3481
5000,7.3,39.6,111.959,228.6,12.3481
6300,7.3,39.6,110.839,228.6,12.3481
200,7.3,31.7,128.679,228.6,13.267199999999999
250,7.3,31.7,130.089,228.6,13.267199999999999
315,7.3,31.7,130.239,228.6,13.267199999999999
400,7.3,31.7,130.269,228.6,13.267199999999999
500,7.3,31.7,128.169,228.6,13.267199999999999
630,7.3,31.7,126.189,228.6,13.267199999999999
800,7.3,31.7,123.209,228.6,13.267199999999999
1000,7.3,31.7,119.099,228.6,13.267199999999999
1250,7.3,31.7,120.509,228.6,13.267199999999999
1600,7.3,31.7,119.039,228.6,13.267199999999999
2000,7.3,31.7,115.309,228.6,13.267199999999999
2500,7.3,31.7,114.709,228.6,13.267199999999999
3150,7.3,31.7,113.229,228.6,13.267199999999999
4000,7.3,31.7,112.639,228.6,13.267199999999999
5000,7.3,31.7,111.029,228.6,13.267199999999999
6300,7.3,31.7,110.689,228.6,13.267199999999999
800,0.0,71.3,125.817,152.4,1.5988
1000,0.0,71.3,127.307,152.4,1.5988
1250,0.0,71.3,128.927,152.4,1.5988
1600,0.0,71.3,129.667,152.4,1.5988
2000,0.0,71.3,128.647,152.4,1.5988
2500,0.0,71.3,128.127,152.4,1.5988
3150,0.0,71.3,129.377,152.4,1.5988
4000,0.0,71.3,128.857,152.4,1.5988
5000,0.0,71.3,126.457,152.4,1.5988
6300,0.0,71.3,125.427,152.4,1.5988
8000,0.0,71.3,122.527,152.4,1.5988
10000,0.0,71.3,120.247,152.4,1.5988
12500,0.0,71.3,117.087,152.4,1.5988
16000,0.0,71.3,113.297,152.4,1.5988
500,0.0,55.5,120.573,152.4,1.72668
630,0.0,55.5,123.583,152.4,1.72668
800,0.0,55.5,126.713,152.4,1.72668
1000,0.0,55.5,128.583,152.4,1.72668
1250,0.0,55.5,129.953,152.4,1.72668
1600,0.0,55.5,130.183,152.4,1.72668
2000,0.0,55.5,129.673,152.4,1.72668
2500,0.0,55.5,127.763,152.4,1.72668
3150,0.0,55.5,127.753,152.4,1.72668
4000,0.0,55.5,127.233,152.4,1.72668
5000,0.0,55.5,125.203,152.4,1.72668
6300,0.0,55.5,123.303,152.4,1.72668
8000,0.0,55.5,121.903,152.4,1.72668
10000,0.0,55.5,119.253,152.4,1.72668
12500,0.0,55.5,117.093,152.4,1.72668
16000,0.0,55.5,112.803,152.4,1.72668
500,0.0,39.6,119.513,152.4,1.9328699999999999
630,0.0,39.6,124.403,152.4,1.9328699999999999
800,0.0,39.6,127.903,152.4,1.9328699999999999
1000,0.0,39.6,130.033,152.4,1.9328699999999999
1250,0.0,39.6,131.023,152.4,1.9328699999999999
1600,0.0,39.6,131.013,152.4,1.9328699999999999
2000,0.0,39.6,129.633,152.4,1.9328699999999999
2500,0.0,39.6,126.863,152.4,1.9328699999999999
3150,0.0,39.6,125.603,152.4,1.9328699999999999
4000,0.0,39.6,125.343,152.4,1.9328699999999999
5000,0.0,39.6,123.453,152.4,1.9328699999999999
6300,0.0,39.6,121.313,152.4,1.9328699999999999
8000,0.0,39.6,120.553,152.4,1.9328699999999999
10000,0.0,39.6,115.413,152.4,1.9328699999999999
500,0.0,31.7,121.617,152.4,2.09405
630,0.0,31.7,125.997,152.4,2.09405
800,0.0,31.7,129.117,152.4,2.09405
1000,0.0,31.7,130.987,152.4,2.09405
1250,0.0,31.7,131.467,152.4,2.09405
1600,0.0,31.7,130.817,152.4,2.09405
2000,0.0,31.7,128.907,152.4,2.09405
2500,0.0,31.7,125.867,152.4,2.09405
3150,0.0,31.7,124.207,152.4,2.09405
4000,0.0,31.7,123.807,152.4,2.09405
5000,0.0,31.7,122.397,152.4,2.09405
6300,0.0,31.7,119.737,152.4,2.09405
8000,0.0,31.7,117.957,152.4,2.09405
630,2.7,71.3,127.404,152.4,2.43851
800,2.7,71.3,127.394,152.4,2.43851
1000,2.7,71.3,128.774,152.4,2.43851
1250,2.7,71.3,130.144,152.4,2.43851
1600,2.7,71.3,130.644,152.4,2.43851
2000,2.7,71.3,130.114,152.4,2.43851
2500,2.7,71.3,128.334,152.4,2.43851
3150,2.7,71.3,127.054,152.4,2.43851
4000,2.7,71.3,126.534,152.4,2.43851
5000,2.7,71.3,124.364,152.4,2.43851
6300,2.7,71.3,121.944,152.4,2.43851
8000,2.7,71.3,120.534,152.4,2.43851
10000,2.7,71.3,116.724,152.4,2.43851
12500,2.7,71.3,113.034,152.4,2.43851
16000,2.7,71.3,110.364,152.4,2.43851
500,2.7,39.6,121.009,152.4,2.9480399999999998
630,2.7,39.6,125.809,152.4,2.9480399999999998
800,2.7,39.6,128.829,152.4,2.9480399999999998
1000,2.7,39.6,130.589,152.4,2.9480399999999998
1250,2.7,39.6,130.829,152.4,2.9480399999999998
1600,2.7,39.6,130.049,152.4,2.9480399999999998
2000,2.7,39.6,128.139,152.4,2.9480399999999998
2500,2.7,39.6,125.589,152.4,2.9480399999999998
3150,2.7,39.6,122.919,152.4,2.9480399999999998
4000,2.7,39.6,121.889,152.4,2.9480399999999998
5000,2.7,39.6,121.499,152.4,2.9480399999999998
6300,2.7,39.6,119.209,152.4,2.9480399999999998
8000,2.7,39.6,116.659,152.4,2.9480399999999998
10000,2.7,39.6,112.589,152.4,2.9480399999999998
12500,2.7,39.6,108.649,152.4,2.9480399999999998
400,5.4,71.3,124.121,152.4,4.01199
500,5.4,71.3,126.291,152.4,4.01199
630,5.4,71.3,128.971,152.4,4.01199
800,5.4,71.3,131.281,152.4,4.01199
1000,5.4,71.3,133.201,152.4,4.01199
1250,5.4,71.3,134.111,152.4,4.01199
1600,5.4,71.3,133.241,152.4,4.01199
2000,5.4,71.3,131.111,152.4,4.01199
2500,5.4,71.3,127.591,152.4,4.01199
3150,5.4,71.3,123.311,152.4,4.01199
4000,5.4,71.3,121.431,152.4,4.01199
5000,5.4,71.3,120.061,152.4,4.01199
6300,5.4,71.3,116.411,152.4,4.01199
400,5.4,55.5,126.807,152.4,4.33288
500,5.4,55.5,129.367,152.4,4.33288
630,5.4,55.5,131.807,152.4,4.33288
800,5.4,55.5,133.097,152.4,4.33288
1000,5.4,55.5,132.127,152.4,4.33288
1250,5.4,55.5,130.777,152.4,4.33288
1600,5.4,55.5,130.567,152.4,4.33288
2000,5.4,55.5,128.707,152.4,4.33288
2500,5.4,55.5,124.077,152.4,4.33288
3150,5.4,55.5,121.587,152.4,4.33288
4000,5.4,55.5,119.737,152.4,4.33288
5000,5.4,55.5,118.757,152.4,4.33288
6300,5.4,55.5,117.287,152.4,4.33288
8000,5.4,55.5,114.927,152.4,4.33288
315,5.4,39.6,125.347,152.4,4.85029
400,5.4,39.6,127.637,152.4,4.85029
500,5.4,39.6,129.937,152.4,4.85029
630,5.4,39.6,132.357,152.4,4.85029
800,5.4,39.6,132.757,152.4,4.85029
1000,5.4,39.6,130.507,152.4,4.85029
1250,5.4,39.6,127.117,152.4,4.85029
1600,5.4,39.6,126.267,152.4,4.85029
2000,5.4,39.6,124.647,152.4,4.85029
2500,5.4,39.6,120.497,152.4,4.85029
3150,5.4,39.6,119.137,152.4,4.85029
4000,5.4,39.6,117.137,152.4,4.85029
5000,5.4,39.6,117.037,152.4,4.85029
6300,5.4,39.6,116.677,152.4,4.85029
315,5.4,31.7,125.741,152.4,5.25474
400,5.4,31.7,127.781,152.4,5.25474
500,5.4,31.7,129.681,152.4,5.25474
630,5.4,31.7,131.471,152.4,5.25474
800,5.4,31.7,131.491,152.4,5.25474
1000,5.4,31.7,128.241,152.4,5.25474
1250,5.4,31.7,123.991,152.4,5.25474
1600,5.4,31.7,123.761,152.4,5.25474
2000,5.4,31.7,122.771,152.4,5.25474
2500,5.4,31.7,119.151,152.4,5.25474
3150,5.4,31.7,118.291,152.4,5.25474
4000,5.4,31.7,116.181,152.4,5.25474
5000,5.4,31.7,115.691,152.4,5.25474
6300,5.4,31.7,115.591,152.4,5.25474
315,7.2,71.3,128.713,152.4,7.52039
400,7.2,71.3,130.123,152.4,7.52039
500,7.2,71.3,132.043,152.4,7.52039
630,7.2,71.3,134.853,152.4,7.52039
800,7.2,71.3,136.023,152.4,7.52039
1000,7.2,71.3,134.273,152.4,7.52039
1250,7.2,71.3,132.513,152.4,7.52039
1600,7.2,71.3,130.893,152.4,7.52039
2000,7.2,71.3,128.643,152.4,7.52039
2500,7.2,71.3,124.353,152.4,7.52039
3150,7.2,71.3,116.783,152.4,7.52039
4000,7.2,71.3,119.343,152.4,7.52039
5000,7.2,71.3,118.343,152.4,7.52039
6300,7.2,71.3,116.603,152.4,7.52039
8000,7.2,71.3,113.333,152.4,7.52039
10000,7.2,71.3,110.313,152.4,7.52039
250,7.2,39.6,127.488,152.4,9.09175
315,7.2,39.6,130.558,152.4,9.09175
400,7.2,39.6,132.118,152.4,9.09175
500,7.2,39.6,132.658,152.4,9.09175
630,7.2,39.6,133.198,152.4,9.09175
800,7.2,39.6,132.358,152.4,9.09175
1000,7.2,39.6,128.338,152.4,9.09175
1250,7.2,39.6,122.428,152.4,9.09175
1600,7.2,39.6,120.058,152.4,9.09175
2000,7.2,39.6,120.228,152.4,9.09175
2500,7.2,39.6,117.478,152.4,9.09175
3150,7.2,39.6,111.818,152.4,9.09175
4000,7.2,39.6,114.258,152.4,9.09175
5000,7.2,39.6,113.288,152.4,9.09175
6300,7.2,39.6,112.688,152.4,9.09175
8000,7.2,39.6,111.588,152.4,9.09175
10000,7.2,39.6,110.868,152.4,9.09175
200,9.9,71.3,134.319,152.4,19.3001
250,9.9,71.3,135.329,152.4,19.3001
315,9.9,71.3,135.459,152.4,19.3001
400,9.9,71.3,135.079,152.4,19.3001
500,9.9,71.3,131.279,152.4,19.3001
630,9.9,71.3,129.889,152.4,19.3001
800,9.9,71.3,128.879,152.4,19.3001
1000,9.9,71.3,126.349,152.4,19.3001
1250,9.9,71.3,122.679,152.4,19.3001
1600,9.9,71.3,121.789,152.4,19.3001
2000,9.9,71.3,120.779,152.4,19.3001
2500,9.9,71.3,119.639,152.4,19.3001
3150,9.9,71.3,116.849,152.4,19.3001
4000,9.9,71.3,115.079,152.4,19.3001
5000,9.9,71.3,114.569,152.4,19.3001
6300,9.9,71.3,112.039,152.4,19.3001
200,9.9,55.5,131.955,152.4,20.843799999999998
250,9.9,55.5,133.235,152.4,20.843799999999998
315,9.9,55.5,132.355,152.4,20.843799999999998
400,9.9,55.5,131.605,152.4,20.843799999999998
500,9.9,55.5,127.815,152.4,20.843799999999998
630,9.9,55.5,127.315,152.4,20.843799999999998
800,9.9,55.5,126.565,152.4,20.843799999999998
1000,9.9,55.5,124.665,152.4,20.843799999999998
1250,9.9,55.5,121.635,152.4,20.843799999999998
1600,9.9,55.5,119.875,152.4,20.843799999999998
2000,9.9,55.5,119.505,152.4,20.843799999999998
2500,9.9,55.5,118.365,152.4,20.843799999999998
3150,9.9,55.5,115.085,152.4,20.843799999999998
4000,9.9,55.5,112.945,152.4,20.843799999999998
5000,9.9,55.5,112.065,152.4,20.843799999999998
6300,9.9,55.5,110.555,152.4,20.843799999999998
200,9.9,39.6,127.315,152.4,23.332800000000002
250,9.9,39.6,128.335,152.4,23.332800000000002
315,9.9,39.6,128.595,152.4,23.332800000000002
400,9.9,39.6,128.345,152.4,23.332800000000002
500,9.9,39.6,126.835,152.4,23.332800000000002
630,9.9,39.6,126.465,152.4,23.332800000000002
800,9.9,39.6,126.345,152.4,23.332800000000002
1000,9.9,39.6,123.835,152.4,23.332800000000002
1250,9.9,39.6,120.555,152.4,23.332800000000002
1600,9.9,39.6,118.545,152.4,23.332800000000002
2000,9.9,39.6,117.925,152.4,23.332800000000002
2500,9.9,39.6,116.295,152.4,23.332800000000002
3150,9.9,39.6,113.525,152.4,23.332800000000002
4000,9.9,39.6,112.265,152.4,23.332800000000002
5000,9.9,39.6,111.135,152.4,23.332800000000002
6300,9.9,39.6,109.885,152.4,23.332800000000002
200,9.9,31.7,127.299,152.4,25.278499999999998
250,9.9,31.7,128.559,152.4,25.278499999999998
315,9.9,31.7,128.809,152.4,25.278499999999998
400,9.9,31.7,128.939,152.4,25.278499999999998
500,9.9,31.7,127.179,152.4,25.278499999999998
630,9.9,31.7,126.049,152.4,25.278499999999998
800,9.9,31.7,125.539,152.4,25.278499999999998
1000,9.9,31.7,122.149,152.4,25.278499999999998
1250,9.9,31.7,118.619,152.4,25.278499999999998
1600,9.9,31.7,117.119,152.4,25.278499999999998
2000,9.9,31.7,116.859,152.4,25.278499999999998
2500,9.9,31.7,114.729,152.4,25.278499999999998
3150,9.9,31.7,112.209,152.4,25.278499999999998
4000,9.9,31.7,111.459,152.4,25.278499999999998
5000,9.9,31.7,109.949,152.4,25.278499999999998
6300,9.9,31.7,108.689,152.4,25.278499999999998
200,12.6,71.3,128.354,152.4,48.3159
250,12.6,71.3,129.744,152.4,48.3159
315,12.6,71.3,128.484,152.4,48.3159
400,12.6,71.3,127.094,152.4,48.3159
500,12.6,71.3,121.664,152.4,48.3159
630,12.6,71.3,123.304,152.4,48.3159
800,12.6,71.3,123.054,152.4,48.3159
1000,12.6,71.3,122.044,152.4,48.3159
1250,12.6,71.3,120.154,152.4,48.3159
1600,12.6,71.3,120.534,152.4,48.3159
2000,12.6,71.3,117.504,152.4,48.3159
2500,12.6,71.3,115.234,152.4,48.3159
3150,12.6,71.3,113.334,152.4,48.3159
4000,12.6,71.3,108.034,152.4,48.3159
5000,12.6,71.3,108.034,152.4,48.3159
6300,12.6,71.3,107.284,152.4,48.3159
200,12.6,39.6,114.75,152.4,58.4113
250,12.6,39.6,115.89,152.4,58.4113
315,12.6,39.6,116.02,152.4,58.4113
400,12.6,39.6,115.91,152.4,58.4113
500,12.6,39.6,114.9,152.4,58.4113
630,12.6,39.6,116.55,152.4,58.4113
800,12.6,39.6,116.56,152.4,58.4113
1000,12.6,39.6,114.67,152.4,58.4113
1250,12.6,39.6,112.16,152.4,58.4113
1600,12.6,39.6,110.78,152.4,58.4113
2000,12.6,39.6,109.52,152.4,58.4113
2500,12.6,39.6,106.88,152.4,58.4113
3150,12.6,39.6,106.26,152.4,58.4113
4000,12.6,39.6,104.5,152.4,58.4113
5000,12.6,39.6,104.13,152.4,58.4113
6300,12.6,39.6,103.38,152.4,58.4113
800,0.0,71.3,130.96,50.8,0.7404780000000001
1000,0.0,71.3,129.45,50.8,0.7404780000000001
1250,0.0,71.3,128.56,50.8,0.7404780000000001
1600,0.0,71.3,129.68,50.8,0.7404780000000001
2000,0.0,71.3,131.06,50.8,0.7404780000000001
2500,0.0,71.3,131.31,50.8,0.7404780000000001
3150,0.0,71.3,135.07,50.8,0.7404780000000001
4000,0.0,71.3,134.43,50.8,0.7404780000000001
5000,0.0,71.3,134.43,50.8,0.7404780000000001
6300,0.0,71.3,133.04,50.8,0.7404780000000001
8000,0.0,71.3,130.89,50.8,0.7404780000000001
10000,0.0,71.3,128.74,50.8,0.7404780000000001
12500,0.0,71.3,125.22,50.8,0.7404780000000001
800,0.0,55.5,124.336,50.8,0.76193
1000,0.0,55.5,125.586,50.8,0.76193
1250,0.0,55.5,127.076,50.8,0.76193
1600,0.0,55.5,128.576,50.8,0.76193
2000,0.0,55.5,131.456,50.8,0.76193
2500,0.0,55.5,133.956,50.8,0.76193
3150,0.0,55.5,134.826,50.8,0.76193
4000,0.0,55.5,134.946,50.8,0.76193
5000,0.0,55.5,134.556,50.8,0.76193
6300,0.0,55.5,132.796,50.8,0.76193
8000,0.0,55.5,130.156,50.8,0.76193
10000,0.0,55.5,127.636,50.8,0.76193
12500,0.0,55.5,125.376,50.8,0.76193
800,0.0,39.6,126.508,50.8,0.7918219999999999
1000,0.0,39.6,127.638,50.8,0.7918219999999999
1250,0.0,39.6,129.148,50.8,0.7918219999999999
1600,0.0,39.6,130.908,50.8,0.7918219999999999
2000,0.0,39.6,132.918,50.8,0.7918219999999999
2500,0.0,39.6,134.938,50.8,0.7918219999999999
3150,0.0,39.6,135.938,50.8,0.7918219999999999
4000,0.0,39.6,135.308,50.8,0.7918219999999999
5000,0.0,39.6,134.308,50.8,0.7918219999999999
6300,0.0,39.6,131.918,50.8,0.7918219999999999
8000,0.0,39.6,128.518,50.8,0.7918219999999999
10000,0.0,39.6,125.998,50.8,0.7918219999999999
12500,0.0,39.6,123.988,50.8,0.7918219999999999
800,0.0,31.7,122.79,50.8,0.812164
1000,0.0,31.7,126.78,50.8,0.812164
1250,0.0,31.7,129.27,50.8,0.812164
1600,0.0,31.7,131.01,50.8,0.812164
2000,0.0,31.7,133.01,50.8,0.812164
2500,0.0,31.7,134.87,50.8,0.812164
3150,0.0,31.7,135.49,50.8,0.812164
4000,0.0,31.7,134.11,50.8,0.812164
5000,0.0,31.7,133.23,50.8,0.812164
6300,0.0,31.7,130.34,50.8,0.812164
8000,0.0,31.7,126.59,50.8,0.812164
10000,0.0,31.7,122.45,50.8,0.812164
12500,0.0,31.7,119.07,50.8,0.812164
1600,4.2,71.3,124.318,50.8,1.42788
2000,4.2,71.3,129.848,50.8,1.42788
2500,4.2,71.3,131.978,50.8,1.42788
3150,4.2,71.3,133.728,50.8,1.42788
4000,4.2,71.3,133.598,50.8,1.42788
5000,4.2,71.3,132.828,50.8,1.42788
6300,4.2,71.3,129.308,50.8,1.42788
8000,4.2,71.3,125.268,50.8,1.42788
10000,4.2,71.3,121.238,50.8,1.42788
12500,4.2,71.3,117.328,50.8,1.42788
1000,4.2,39.6,125.647,50.8,1.5268899999999999
1250,4.2,39.6,128.427,50.8,1.5268899999999999
1600,4.2,39.6,130.197,50.8,1.5268899999999999
2000,4.2,39.6,132.587,50.8,1.5268899999999999
2500,4.2,39.6,133.847,50.8,1.5268899999999999
3150,4.2,39.6,133.587,50.8,1.5268899999999999
4000,4.2,39.6,131.807,50.8,1.5268899999999999
5000,4.2,39.6,129.777,50.8,1.5268899999999999
6300,4.2,39.6,125.717,50.8,1.5268899999999999
8000,4.2,39.6,120.397,50.8,1.5268899999999999
10000,4.2,39.6,116.967,50.8,1.5268899999999999
800,8.4,71.3,127.556,50.8,5.29514
1000,8.4,71.3,129.946,50.8,5.29514
1250,8.4,71.3,132.086,50.8,5.29514
1600,8.4,71.3,133.846,50.8,5.29514
2000,8.4,71.3,134.476,50.8,5.29514
2500,8.4,71.3,134.226,50.8,5.29514
3150,8.4,71.3,131.966,50.8,5.29514
4000,8.4,71.3,126.926,50.8,5.29514
5000,8.4,71.3,121.146,50.8,5.29514
400,8.4,55.5,121.582,50.8,5.44854
500,8.4,55.5,123.742,50.8,5.44854
630,8.4,55.5,126.152,50.8,5.44854
800,8.4,55.5,128.562,50.8,5.44854
1000,8.4,55.5,130.722,50.8,5.44854
1250,8.4,55.5,132.252,50.8,5.44854
1600,8.4,55.5,133.032,50.8,5.44854
2000,8.4,55.5,133.042,50.8,5.44854
2500,8.4,55.5,131.542,50.8,5.44854
3150,8.4,55.5,128.402,50.8,5.44854
4000,8.4,55.5,122.612,50.8,5.44854
5000,8.4,55.5,115.812,50.8,5.44854
400,8.4,39.6,120.015,50.8,5.6622900000000005
500,8.4,39.6,122.905,50.8,5.6622900000000005
630,8.4,39.6,126.045,50.8,5.6622900000000005
800,8.4,39.6,128.435,50.8,5.6622900000000005
1000,8.4,39.6,130.195,50.8,5.6622900000000005
1250,8.4,39.6,131.205,50.8,5.6622900000000005
1600,8.4,39.6,130.965,50.8,5.6622900000000005
2000,8.4,39.6,129.965,50.8,5.6622900000000005
2500,8.4,39.6,127.465,50.8,5.6622900000000005
3150,8.4,39.6,123.965,50.8,5.6622900000000005
4000,8.4,39.6,118.955,50.8,5.6622900000000005
400,8.4,31.7,120.076,50.8,5.80776
500,8.4,31.7,122.966,50.8,5.80776
630,8.4,31.7,125.856,50.8,5.80776
800,8.4,31.7,128.246,50.8,5.80776
1000,8.4,31.7,129.516,50.8,5.80776
1250,8.4,31.7,130.156,50.8,5.80776
1600,8.4,31.7,129.296,50.8,5.80776
2000,8.4,31.7,127.686,50.8,5.80776
2500,8.4,31.7,125.576,50.8,5.80776
3150,8.4,31.7,122.086,50.8,5.80776
4000,8.4,31.7,118.106,50.8,5.80776
200,11.2,71.3,125.941,50.8,14.072
250,11.2,71.3,127.101,50.8,14.072
315,11.2,71.3,128.381,50.8,14.072
400,11.2,71.3,129.281,50.8,14.072
500,11.2,71.3,130.311,50.8,14.072
630,11.2,71.3,133.611,50.8,14.072
800,11.2,71.3,136.031,50.8,14.072
1000,11.2,71.3,136.941,50.8,14.072
1250,11.2,71.3,136.191,50.8,14.072
1600,11.2,71.3,135.191,50.8,14.072
2000,11.2,71.3,133.311,50.8,14.072
2500,11.2,71.3,130.541,50.8,14.072
3150,11.2,71.3,127.141,50.8,14.072
4000,11.2,71.3,122.471,50.8,14.072
200,11.2,39.6,125.01,50.8,15.0478
250,11.2,39.6,126.43,50.8,15.0478
315,11.2,39.6,128.99,50.8,15.0478
400,11.2,39.6,130.67,50.8,15.0478
500,11.2,39.6,131.96,50.8,15.0478
630,11.2,39.6,133.13,50.8,15.0478
800,11.2,39.6,133.79,50.8,15.0478
1000,11.2,39.6,132.43,50.8,15.0478
1250,11.2,39.6,130.05,50.8,15.0478
1600,11.2,39.6,126.54,50.8,15.0478
2000,11.2,39.6,124.42,50.8,15.0478
2500,11.2,39.6,122.17,50.8,15.0478
3150,11.2,39.6,119.67,50.8,15.0478
4000,11.2,39.6,115.52,50.8,15.0478
200,15.4,71.3,123.595,50.8,26.4269
250,15.4,71.3,124.835,50.8,26.4269
315,15.4,71.3,126.195,50.8,26.4269
400,15.4,71.3,126.805,50.8,26.4269
500,15.4,71.3,127.285,50.8,26.4269
630,15.4,71.3,129.645,50.8,26.4269
800,15.4,71.3,131.515,50.8,26.4269
1000,15.4,71.3,131.865,50.8,26.4269
1250,15.4,71.3,130.845,50.8,26.4269
1600,15.4,71.3,130.065,50.8,26.4269
2000,15.4,71.3,129.285,50.8,26.4269
2500,15.4,71.3,127.625,50.8,26.4269
3150,15.4,71.3,125.715,50.8,26.4269
4000,15.4,71.3,122.675,50.8,26.4269
5000,15.4,71.3,119.135,50.8,26.4269
6300,15.4,71.3,115.215,50.8,26.4269
8000,15.4,71.3,112.675,50.8,26.4269
200,15.4,55.5,122.94,50.8,27.192500000000003
250,15.4,55.5,124.17,50.8,27.192500000000003
315,15.4,55.5,125.39,50.8,27.192500000000003
400,15.4,55.5,126.5,50.8,27.192500000000003
500,15.4,55.5,127.22,50.8,27.192500000000003
630,15.4,55.5,129.33,50.8,27.192500000000003
800,15.4,55.5,130.43,50.8,27.192500000000003
1000,15.4,55.5,130.4,50.8,27.192500000000003
1250,15.4,55.5,130.0,50.8,27.192500000000003
1600,15.4,55.5,128.2,50.8,27.192500000000003
2000,15.4,55.5,127.04,50.8,27.192500000000003
2500,15.4,55.5,125.63,50.8,27.192500000000003
3150,15.4,55.5,123.46,50.8,27.192500000000003
4000,15.4,55.5,120.92,50.8,27.192500000000003
5000,15.4,55.5,117.11,50.8,27.192500000000003
6300,15.4,55.5,112.93,50.8,27.192500000000003
200,15.4,39.6,121.783,50.8,28.2593
250,15.4,39.6,122.893,50.8,28.2593
315,15.4,39.6,124.493,50.8,28.2593
400,15.4,39.6,125.353,50.8,28.2593
500,15.4,39.6,125.963,50.8,28.2593
630,15.4,39.6,127.443,50.8,28.2593
800,15.4,39.6,128.423,50.8,28.2593
1000,15.4,39.6,127.893,50.8,28.2593
1250,15.4,39.6,126.743,50.8,28.2593
1600,15.4,39.6,124.843,50.8,28.2593
2000,15.4,39.6,123.443,50.8,28.2593
2500,15.4,39.6,122.413,50.8,28.2593
3150,15.4,39.6,120.513,50.8,28.2593
4000,15.4,39.6,118.113,50.8,28.2593
5000,15.4,39.6,114.453,50.8,28.2593
6300,15.4,39.6,109.663,50.8,28.2593
200,15.4,31.7,119.975,50.8,28.9853
250,15.4,31.7,121.225,50.8,28.9853
315,15.4,31.7,122.845,50.8,28.9853
400,15.4,31.7,123.705,50.8,28.9853
500,15.4,31.7,123.695,50.8,28.9853
630,15.4,31.7,124.685,50.8,28.9853
800,15.4,31.7,125.555,50.8,28.9853
1000,15.4,31.7,124.525,50.8,28.9853
1250,15.4,31.7,123.255,50.8,28.9853
1600,15.4,31.7,121.485,50.8,28.9853
2000,15.4,31.7,120.835,50.8,28.9853
2500,15.4,31.7,119.945,50.8,28.9853
3150,15.4,31.7,118.045,50.8,28.9853
4000,15.4,31.7,115.635,50.8,28.9853
5000,15.4,31.7,112.355,50.8,28.9853
6300,15.4,31.7,108.185,50.8,28.9853
200,19.7,71.3,118.005,50.8,34.1183
250,19.7,71.3,119.115,50.8,34.1183
315,19.7,71.3,121.235,50.8,34.1183
400,19.7,71.3,123.865,50.8,34.1183
500,19.7,71.3,126.995,50.8,34.1183
630,19.7,71.3,128.365,50.8,34.1183
800,19.7,71.3,124.555,50.8,34.1183
1000,19.7,71.3,121.885,50.8,34.1183
1250,19.7,71.3,121.485,50.8,34.1183
1600,19.7,71.3,120.575,50.8,34.1183
2000,19.7,71.3,120.055,50.8,34.1183
2500,19.7,71.3,118.385,50.8,34.1183
3150,19.7,71.3,116.225,50.8,34.1183
4000,19.7,71.3,113.045,50.8,34.1183
200,19.7,39.6,125.974,50.8,36.484
250,19.7,39.6,127.224,50.8,36.484
315,19.7,39.6,129.864,50.8,36.484
400,19.7,39.6,130.614,50.8,36.484
500,19.7,39.6,128.444,50.8,36.484
630,19.7,39.6,120.324,50.8,36.484
800,19.7,39.6,119.174,50.8,36.484
1000,19.7,39.6,118.904,50.8,36.484
1250,19.7,39.6,118.634,50.8,36.484
1600,19.7,39.6,117.604,50.8,36.484
2000,19.7,39.6,117.724,50.8,36.484
2500,19.7,39.6,116.184,50.8,36.484
3150,19.7,39.6,113.004,50.8,36.484
4000,19.7,39.6,108.684,50.8,36.484
2500,0.0,71.3,133.707,25.4,0.40068200000000004
3150,0.0,71.3,137.007,25.4,0.40068200000000004
4000,0.0,71.3,138.557,25.4,0.40068200000000004
5000,0.0,71.3,136.837,25.4,0.40068200000000004
6300,0.0,71.3,134.987,25.4,0.40068200000000004
8000,0.0,71.3,129.867,25.4,0.40068200000000004
10000,0.0,71.3,130.787,25.4,0.40068200000000004
12500,0.0,71.3,133.207,25.4,0.40068200000000004
16000,0.0,71.3,130.477,25.4,0.40068200000000004
20000,0.0,71.3,123.217,25.4,0.40068200000000004
2000,0.0,55.5,127.623,25.4,0.41229
2500,0.0,55.5,130.073,25.4,0.41229
3150,0.0,55.5,130.503,25.4,0.41229
4000,0.0,55.5,133.223,25.4,0.41229
5000,0.0,55.5,135.803,25.4,0.41229
6300,0.0,55.5,136.103,25.4,0.41229
8000,0.0,55.5,136.163,25.4,0.41229
10000,0.0,55.5,134.563,25.4,0.41229
12500,0.0,55.5,131.453,25.4,0.41229
16000,0.0,55.5,125.683,25.4,0.41229
20000,0.0,55.5,121.933,25.4,0.41229
1600,0.0,39.6,124.156,25.4,0.42846399999999996
2000,0.0,39.6,130.026,25.4,0.42846399999999996
2500,0.0,39.6,131.836,25.4,0.42846399999999996
3150,0.0,39.6,133.276,25.4,0.42846399999999996
4000,0.0,39.6,135.346,25.4,0.42846399999999996
5000,0.0,39.6,136.536,25.4,0.42846399999999996
6300,0.0,39.6,136.826,25.4,0.42846399999999996
8000,0.0,39.6,135.866,25.4,0.42846399999999996
10000,0.0,39.6,133.376,25.4,0.42846399999999996
12500,0.0,39.6,129.116,25.4,0.42846399999999996
16000,0.0,39.6,124.986,25.4,0.42846399999999996
1000,0.0,31.7,125.127,25.4,0.439472
1250,0.0,31.7,127.947,25.4,0.439472
1600,0.0,31.7,129.267,25.4,0.439472
2000,0.0,31.7,130.697,25.4,0.439472
2500,0.0,31.7,132.897,25.4,0.439472
3150,0.0,31.7,135.227,25.4,0.439472
4000,0.0,31.7,137.047,25.4,0.439472
5000,0.0,31.7,138.607,25.4,0.439472
6300,0.0,31.7,138.537,25.4,0.439472
8000,0.0,31.7,137.207,25.4,0.439472
10000,0.0,31.7,134.227,25.4,0.439472
12500,0.0,31.7,128.977,25.4,0.439472
16000,0.0,31.7,125.627,25.4,0.439472
2000,4.8,71.3,128.398,25.4,0.848633
2500,4.8,71.3,130.828,25.4,0.848633
3150,4.8,71.3,133.378,25.4,0.848633
4000,4.8,71.3,134.928,25.4,0.848633
5000,4.8,71.3,135.468,25.4,0.848633
6300,4.8,71.3,134.498,25.4,0.848633
8000,4.8,71.3,131.518,25.4,0.848633
10000,4.8,71.3,127.398,25.4,0.848633
12500,4.8,71.3,127.688,25.4,0.848633
16000,4.8,71.3,124.208,25.4,0.848633
20000,4.8,71.3,119.708,25.4,0.848633
1600,4.8,55.5,121.474,25.4,0.873218
2000,4.8,55.5,125.054,25.4,0.873218
2500,4.8,55.5,129.144,25.4,0.873218
3150,4.8,55.5,132.354,25.4,0.873218
4000,4.8,55.5,133.924,25.4,0.873218
5000,4.8,55.5,135.484,25.4,0.873218
6300,4.8,55.5,135.164,25.4,0.873218
8000,4.8,55.5,132.184,25.4,0.873218
10000,4.8,55.5,126.944,25.4,0.873218
12500,4.8,55.5,125.094,25.4,0.873218
16000,4.8,55.5,124.394,25.4,0.873218
20000,4.8,55.5,121.284,25.4,0.873218
500,4.8,39.6,116.366,25.4,0.907475
630,4.8,39.6,118.696,25.4,0.907475
800,4.8,39.6,120.766,25.4,0.907475
1000,4.8,39.6,122.956,25.4,0.907475
1250,4.8,39.6,125.026,25.4,0.907475
1600,4.8,39.6,125.966,25.4,0.907475
2000,4.8,39.6,128.916,25.4,0.907475
2500,4.8,39.6,131.236,25.4,0.907475
3150,4.8,39.6,133.436,25.4,0.907475
4000,4.8,39.6,134.996,25.4,0.907475
5000,4.8,39.6,135.426,25.4,0.907475
6300,4.8,39.6,134.336,25.4,0.907475
8000,4.8,39.6,131.346,25.4,0.907475
10000,4.8,39.6,126.066,25.4,0.907475
500,4.8,31.7,116.128,25.4,0.930789
630,4.8,31.7,120.078,25.4,0.930789
800,4.8,31.7,122.648,25.4,0.930789
1000,4.8,31.7,125.348,25.4,0.930789
1250,4.8,31.7,127.408,25.4,0.930789
1600,4.8,31.7,128.718,25.4,0.930789
2000,4.8,31.7,130.148,25.4,0.930789
2500,4.8,31.7,132.588,25.4,0.930789
3150,4.8,31.7,134.268,25.4,0.930789
4000,4.8,31.7,135.328,25.4,0.930789
5000,4.8,31.7,135.248,25.4,0.930789
6300,4.8,31.7,132.898,25.4,0.930789
8000,4.8,31.7,127.008,25.4,0.930789
630,9.5,71.3,125.726,25.4,4.2065399999999995
800,9.5,71.3,127.206,25.4,4.2065399999999995
1000,9.5,71.3,129.556,25.4,4.2065399999999995
1250,9.5,71.3,131.656,25.4,4.2065399999999995
1600,9.5,71.3,133.756,25.4,4.2065399999999995
2000,9.5,71.3,134.976,25.4,4.2065399999999995
2500,9.5,71.3,135.956,25.4,4.2065399999999995
3150,9.5,71.3,136.166,25.4,4.2065399999999995
4000,9.5,71.3,134.236,25.4,4.2065399999999995
5000,9.5,71.3,131.186,25.4,4.2065399999999995
6300,9.5,71.3,127.246,25.4,4.2065399999999995
400,9.5,55.5,120.952,25.4,4.328399999999999
500,9.5,55.5,123.082,25.4,4.328399999999999
630,9.5,55.5,125.452,25.4,4.328399999999999
800,9.5,55.5,128.082,25.4,4.328399999999999
1000,9.5,55.5,130.332,25.4,4.328399999999999
1250,9.5,55.5,132.202,25.4,4.328399999999999
1600,9.5,55.5,133.062,25.4,4.328399999999999
2000,9.5,55.5,134.052,25.4,4.328399999999999
2500,9.5,55.5,134.152,25.4,4.328399999999999
3150,9.5,55.5,133.252,25.4,4.328399999999999
4000,9.5,55.5,131.582,25.4,4.328399999999999
5000,9.5,55.5,128.412,25.4,4.328399999999999
6300,9.5,55.5,124.222,25.4,4.328399999999999
200,9.5,39.6,116.074,25.4,4.49821
250,9.5,39.6,116.924,25.4,4.49821
315,9.5,39.6,119.294,25.4,4.49821
400,9.5,39.6,121.154,25.4,4.49821
500,9.5,39.6,123.894,25.4,4.49821
630,9.5,39.6,126.514,25.4,4.49821
800,9.5,39.6,129.014,25.4,4.49821
1000,9.5,39.6,130.374,25.4,4.49821
1250,9.5,39.6,130.964,25.4,4.49821
1600,9.5,39.6,131.184,25.4,4.49821
2000,9.5,39.6,131.274,25.4,4.49821
2500,9.5,39.6,131.234,25.4,4.49821
3150,9.5,39.6,129.934,25.4,4.49821
4000,9.5,39.6,127.864,25.4,4.49821
5000,9.5,39.6,125.044,25.4,4.49821
6300,9.5,39.6,120.324,25.4,4.49821
200,9.5,31.7,119.146,25.4,4.61377
250,9.5,31.7,120.136,25.4,4.61377
315,9.5,31.7,122.766,25.4,4.61377
400,9.5,31.7,124.756,25.4,4.61377
500,9.5,31.7,126.886,25.4,4.61377
630,9.5,31.7,129.006,25.4,4.61377
800,9.5,31.7,130.746,25.4,4.61377
1000,9.5,31.7,131.346,25.4,4.61377
1250,9.5,31.7,131.446,25.4,4.61377
1600,9.5,31.7,131.036,25.4,4.61377
2000,9.5,31.7,130.496,25.4,4.61377
2500,9.5,31.7,130.086,25.4,4.61377
3150,9.5,31.7,128.536,25.4,4.61377
4000,9.5,31.7,126.736,25.4,4.61377
5000,9.5,31.7,124.426,25.4,4.61377
6300,9.5,31.7,120.726,25.4,4.61377
250,12.7,71.3,119.698,25.4,12.1808
315,12.7,71.3,122.938,25.4,12.1808
400,12.7,71.3,125.048,25.4,12.1808
500,12.7,71.3,126.898,25.4,12.1808
630,12.7,71.3,128.878,25.4,12.1808
800,12.7,71.3,130.348,25.4,12.1808
1000,12.7,71.3,131.698,25.4,12.1808
1250,12.7,71.3,133.048,25.4,12.1808
1600,12.7,71.3,134.528,25.4,12.1808
2000,12.7,71.3,134.228,25.4,12.1808
2500,12.7,71.3,134.058,25.4,12.1808
3150,12.7,71.3,133.758,25.4,12.1808
4000,12.7,71.3,131.808,25.4,12.1808
5000,12.7,71.3,128.978,25.4,12.1808
6300,12.7,71.3,125.398,25.4,12.1808
8000,12.7,71.3,120.538,25.4,12.1808
10000,12.7,71.3,114.418,25.4,12.1808
250,12.7,39.6,121.547,25.4,13.0253
315,12.7,39.6,123.537,25.4,13.0253
400,12.7,39.6,125.527,25.4,13.0253
500,12.7,39.6,127.127,25.4,13.0253
630,12.7,39.6,128.867,25.4,13.0253
800,12.7,39.6,130.217,25.4,13.0253
1000,12.7,39.6,130.947,25.4,13.0253
1250,12.7,39.6,130.777,25.4,13.0253
1600,12.7,39.6,129.977,25.4,13.0253
2000,12.7,39.6,129.567,25.4,13.0253
2500,12.7,39.6,129.027,25.4,13.0253
3150,12.7,39.6,127.847,25.4,13.0253
4000,12.7,39.6,126.537,25.4,13.0253
5000,12.7,39.6,125.107,25.4,13.0253
6300,12.7,39.6,123.177,25.4,13.0253
8000,12.7,39.6,120.607,25.4,13.0253
10000,12.7,39.6,116.017,25.4,13.0253
200,17.4,71.3,112.506,25.4,16.104
250,17.4,71.3,113.796,25.4,16.104
315,17.4,71.3,115.846,25.4,16.104
400,17.4,71.3,117.396,25.4,16.104
500,17.4,71.3,119.806,25.4,16.104
630,17.4,71.3,122.606,25.4,16.104
800,17.4,71.3,124.276,25.4,16.104
1000,17.4,71.3,125.816,25.4,16.104
1250,17.4,71.3,126.356,25.4,16.104
1600,17.4,71.3,126.406,25.4,16.104
2000,17.4,71.3,126.826,25.4,16.104
2500,17.4,71.3,126.746,25.4,16.104
3150,17.4,71.3,126.536,25.4,16.104
4000,17.4,71.3,125.586,25.4,16.104
5000,17.4,71.3,123.126,25.4,16.104
6300,17.4,71.3,119.916,25.4,16.104
8000,17.4,71.3,115.466,25.4,16.104
200,17.4,55.5,109.951,25.4,16.570600000000002
250,17.4,55.5,110.491,25.4,16.570600000000002
315,17.4,55.5,111.911,25.4,16.570600000000002
400,17.4,55.5,115.461,25.4,16.570600000000002
500,17.4,55.5,119.621,25.4,16.570600000000002
630,17.4,55.5,122.411,25.4,16.570600000000002
800,17.4,55.5,123.091,25.4,16.570600000000002
1000,17.4,55.5,126.001,25.4,16.570600000000002
1250,17.4,55.5,129.301,25.4,16.570600000000002
1600,17.4,55.5,126.471,25.4,16.570600000000002
2000,17.4,55.5,125.261,25.4,16.570600000000002
2500,17.4,55.5,124.931,25.4,16.570600000000002
3150,17.4,55.5,124.101,25.4,16.570600000000002
4000,17.4,55.5,121.771,25.4,16.570600000000002
5000,17.4,55.5,118.941,25.4,16.570600000000002
6300,17.4,55.5,114.861,25.4,16.570600000000002
200,17.4,39.6,114.044,25.4,17.220599999999997
250,17.4,39.6,114.714,25.4,17.220599999999997
315,17.4,39.6,115.144,25.4,17.220599999999997
400,17.4,39.6,115.444,25.4,17.220599999999997
500,17.4,39.6,117.514,25.4,17.220599999999997
630,17.4,39.6,124.514,25.4,17.220599999999997
800,17.4,39.6,135.324,25.4,17.220599999999997
1000,17.4,39.6,138.274,25.4,17.220599999999997
1250,17.4,39.6,131.364,25.4,17.220599999999997
1600,17.4,39.6,127.614,25.4,17.220599999999997
2000,17.4,39.6,126.644,25.4,17.220599999999997
2500,17.4,39.6,124.154,25.4,17.220599999999997
3150,17.4,39.6,123.564,25.4,17.220599999999997
4000,17.4,39.6,122.724,25.4,17.220599999999997
5000,17.4,39.6,119.854,25.4,17.220599999999997
200,17.4,31.7,116.146,25.4,17.6631
250,17.4,31.7,116.956,25.4,17.6631
315,17.4,31.7,118.416,25.4,17.6631
400,17.4,31.7,120.766,25.4,17.6631
500,17.4,31.7,127.676,25.4,17.6631
630,17.4,31.7,136.886,25.4,17.6631
800,17.4,31.7,139.226,25.4,17.6631
1000,17.4,31.7,131.796,25.4,17.6631
1250,17.4,31.7,128.306,25.4,17.6631
1600,17.4,31.7,126.846,25.4,17.6631
2000,17.4,31.7,124.356,25.4,17.6631
2500,17.4,31.7,124.166,25.4,17.6631
3150,17.4,31.7,123.466,25.4,17.6631
4000,17.4,31.7,121.996,25.4,17.6631
5000,17.4,31.7,117.996,25.4,17.6631
315,22.2,71.3,115.857,25.4,21.4178
400,22.2,71.3,117.927,25.4,21.4178
500,22.2,71.3,117.967,25.4,21.4178
630,22.2,71.3,120.657,25.4,21.4178
800,22.2,71.3,123.227,25.4,21.4178
1000,22.2,71.3,134.247,25.4,21.4178
1250,22.2,71.3,140.987,25.4,21.4178
1600,22.2,71.3,131.817,25.4,21.4178
2000,22.2,71.3,127.197,25.4,21.4178
2500,22.2,71.3,126.097,25.4,21.4178
3150,22.2,71.3,124.127,25.4,21.4178
4000,22.2,71.3,123.917,25.4,21.4178
5000,22.2,71.3,125.727,25.4,21.4178
6300,22.2,71.3,123.127,25.4,21.4178
8000,22.2,71.3,121.657,25.4,21.4178
200,22.2,39.6,116.066,25.4,22.9028
250,22.2,39.6,117.386,25.4,22.9028
315,22.2,39.6,120.716,25.4,22.9028
400,22.2,39.6,123.416,25.4,22.9028
500,22.2,39.6,129.776,25.4,22.9028
630,22.2,39.6,137.026,25.4,22.9028
800,22.2,39.6,137.076,25.4,22.9028
1000,22.2,39.6,128.416,25.4,22.9028
1250,22.2,39.6,126.446,25.4,22.9028
1600,22.2,39.6,122.216,25.4,22.9028
2000,22.2,39.6,121.256,25.4,22.9028
2500,22.2,39.6,121.306,25.4,22.9028
3150,22.2,39.6,120.856,25.4,22.9028
4000,22.2,39.6,119.646,25.4,22.9028
5000,22.2,39.6,118.816,25.4,22.9028
630,0.0,71.3,124.155,101.6,1.21072
800,0.0,71.3,126.805,101.6,1.21072
1000,0.0,71.3,128.825,101.6,1.21072
1250,0.0,71.3,130.335,101.6,1.21072
1600,0.0,71.3,131.725,101.6,1.21072
2000,0.0,71.3,132.095,101.6,1.21072
2500,0.0,71.3,132.595,101.6,1.21072
3150,0.0,71.3,131.955,101.6,1.21072
4000,0.0,71.3,130.935,101.6,1.21072
5000,0.0,71.3,130.795,101.6,1.21072
6300,0.0,71.3,129.395,101.6,1.21072
8000,0.0,71.3,125.465,101.6,1.21072
10000,0.0,71.3,123.305,101.6,1.21072
12500,0.0,71.3,119.375,101.6,1.21072
630,0.0,55.5,126.17,101.6,1.3198299999999998
800,0.0,55.5,127.92,101.6,1.3198299999999998
1000,0.0,55.5,129.8,101.6,1.3198299999999998
1250,0.0,55.5,131.43,101.6,1.3198299999999998
1600,0.0,55.5,132.05,101.6,1.3198299999999998
2000,0.0,55.5,132.54,101.6,1.3198299999999998
2500,0.0,55.5,133.04,101.6,1.3198299999999998
3150,0.0,55.5,131.78,101.6,1.3198299999999998
4000,0.0,55.5,129.5,101.6,1.3198299999999998
5000,0.0,55.5,128.36,101.6,1.3198299999999998
6300,0.0,55.5,127.73,101.6,1.3198299999999998
8000,0.0,55.5,124.45,101.6,1.3198299999999998
10000,0.0,55.5,121.93,101.6,1.3198299999999998
12500,0.0,55.5,119.91,101.6,1.3198299999999998
630,0.0,39.6,125.401,101.6,1.46332
800,0.0,39.6,128.401,101.6,1.46332
1000,0.0,39.6,130.781,101.6,1.46332
1250,0.0,39.6,132.271,101.6,1.46332
1600,0.0,39.6,133.261,101.6,1.46332
2000,0.0,39.6,133.251,101.6,1.46332
2500,0.0,39.6,132.611,101.6,1.46332
3150,0.0,39.6,130.961,101.6,1.46332
4000,0.0,39.6,127.801,101.6,1.46332
5000,0.0,39.6,126.021,101.6,1.46332
6300,0.0,39.6,125.631,101.6,1.46332
8000,0.0,39.6,122.341,101.6,1.46332
10000,0.0,39.6,119.561,101.6,1.46332
630,0.0,31.7,126.413,101.6,1.50092
800,0.0,31.7,129.053,101.6,1.50092
1000,0.0,31.7,131.313,101.6,1.50092
1250,0.0,31.7,133.063,101.6,1.50092
1600,0.0,31.7,133.553,101.6,1.50092
2000,0.0,31.7,133.153,101.6,1.50092
2500,0.0,31.7,132.003,101.6,1.50092
3150,0.0,31.7,129.973,101.6,1.50092
4000,0.0,31.7,126.933,101.6,1.50092
5000,0.0,31.7,124.393,101.6,1.50092
6300,0.0,31.7,124.253,101.6,1.50092
8000,0.0,31.7,120.193,101.6,1.50092
10000,0.0,31.7,115.893,101.6,1.50092
800,3.3,71.3,131.074,101.6,2.0282199999999997
1000,3.3,71.3,131.434,101.6,2.0282199999999997
1250,3.3,71.3,132.304,101.6,2.0282199999999997
1600,3.3,71.3,133.664,101.6,2.0282199999999997
2000,3.3,71.3,134.034,101.6,2.0282199999999997
2500,3.3,71.3,133.894,101.6,2.0282199999999997
3150,3.3,71.3,132.114,101.6,2.0282199999999997
4000,3.3,71.3,128.704,101.6,2.0282199999999997
5000,3.3,71.3,127.054,101.6,2.0282199999999997
6300,3.3,71.3,124.904,101.6,2.0282199999999997
8000,3.3,71.3,121.234,101.6,2.0282199999999997
10000,3.3,71.3,116.694,101.6,2.0282199999999997
630,3.3,55.5,126.599,101.6,2.211
800,3.3,55.5,129.119,101.6,2.211
1000,3.3,55.5,131.129,101.6,2.211
1250,3.3,55.5,132.769,101.6,2.211
1600,3.3,55.5,133.649,101.6,2.211
2000,3.3,55.5,133.649,101.6,2.211
2500,3.3,55.5,132.889,101.6,2.211
3150,3.3,55.5,130.629,101.6,2.211
4000,3.3,55.5,127.229,101.6,2.211
5000,3.3,55.5,124.839,101.6,2.211
6300,3.3,55.5,123.839,101.6,2.211
8000,3.3,55.5,120.569,101.6,2.211
10000,3.3,55.5,115.659,101.6,2.211
630,3.3,39.6,127.251,101.6,2.45138
800,3.3,39.6,129.991,101.6,2.45138
1000,3.3,39.6,131.971,101.6,2.45138
1250,3.3,39.6,133.211,101.6,2.45138
1600,3.3,39.6,133.071,101.6,2.45138
2000,3.3,39.6,132.301,101.6,2.45138
2500,3.3,39.6,130.791,101.6,2.45138
3150,3.3,39.6,128.401,101.6,2.45138
4000,3.3,39.6,124.881,101.6,2.45138
5000,3.3,39.6,122.371,101.6,2.45138
6300,3.3,39.6,120.851,101.6,2.45138
8000,3.3,39.6,118.091,101.6,2.45138
10000,3.3,39.6,115.321,101.6,2.45138
630,3.3,31.7,128.952,101.6,2.51435
800,3.3,31.7,131.362,101.6,2.51435
1000,3.3,31.7,133.012,101.6,2.51435
1250,3.3,31.7,134.022,101.6,2.51435
1600,3.3,31.7,133.402,101.6,2.51435
2000,3.3,31.7,131.642,101.6,2.51435
2500,3.3,31.7,130.392,101.6,2.51435
3150,3.3,31.7,128.252,101.6,2.51435
4000,3.3,31.7,124.852,101.6,2.51435
5000,3.3,31.7,122.082,101.6,2.51435
6300,3.3,31.7,120.702,101.6,2.51435
8000,3.3,31.7,117.432,101.6,2.51435
630,6.7,71.3,131.448,101.6,4.78288
800,6.7,71.3,134.478,101.6,4.78288
1000,6.7,71.3,136.758,101.6,4.78288
1250,6.7,71.3,137.658,101.6,4.78288
1600,6.7,71.3,136.678,101.6,4.78288
2000,6.7,71.3,134.568,101.6,4.78288
2500,6.7,71.3,131.458,101.6,4.78288
3150,6.7,71.3,124.458,101.6,4.78288
500,6.7,55.5,129.343,101.6,5.2139
630,6.7,55.5,133.023,101.6,5.2139
800,6.7,55.5,135.953,101.6,5.2139
1000,6.7,55.5,137.233,101.6,5.2139
1250,6.7,55.5,136.883,101.6,5.2139
1600,6.7,55.5,133.653,101.6,5.2139
2000,6.7,55.5,129.653,101.6,5.2139
2500,6.7,55.5,124.273,101.6,5.2139
400,6.7,39.6,128.295,101.6,5.78076
500,6.7,39.6,130.955,101.6,5.78076
630,6.7,39.6,133.355,101.6,5.78076
800,6.7,39.6,134.625,101.6,5.78076
1000,6.7,39.6,134.515,101.6,5.78076
1250,6.7,39.6,132.395,101.6,5.78076
1600,6.7,39.6,127.375,101.6,5.78076
2000,6.7,39.6,122.235,101.6,5.78076
315,6.7,31.7,126.266,101.6,5.929270000000001
400,6.7,31.7,128.296,101.6,5.929270000000001
500,6.7,31.7,130.206,101.6,5.929270000000001
630,6.7,31.7,132.116,101.6,5.929270000000001
800,6.7,31.7,132.886,101.6,5.929270000000001
1000,6.7,31.7,131.636,101.6,5.929270000000001
1250,6.7,31.7,129.256,101.6,5.929270000000001
1600,6.7,31.7,124.346,101.6,5.929270000000001
2000,6.7,31.7,120.446,101.6,5.929270000000001
200,8.9,71.3,133.503,101.6,10.3088
250,8.9,71.3,134.533,101.6,10.3088
315,8.9,71.3,136.583,101.6,10.3088
400,8.9,71.3,138.123,101.6,10.3088
500,8.9,71.3,138.523,101.6,10.3088
630,8.9,71.3,138.423,101.6,10.3088
800,8.9,71.3,137.813,101.6,10.3088
1000,8.9,71.3,135.433,101.6,10.3088
1250,8.9,71.3,132.793,101.6,10.3088
1600,8.9,71.3,128.763,101.6,10.3088
2000,8.9,71.3,124.233,101.6,10.3088
2500,8.9,71.3,123.623,101.6,10.3088
3150,8.9,71.3,123.263,101.6,10.3088
4000,8.9,71.3,120.243,101.6,10.3088
5000,8.9,71.3,116.723,101.6,10.3088
6300,8.9,71.3,117.253,101.6,10.3088
200,8.9,39.6,133.42,101.6,12.4596
250,8.9,39.6,134.34,101.6,12.4596
315,8.9,39.6,135.38,101.6,12.4596
400,8.9,39.6,135.54,101.6,12.4596
500,8.9,39.6,133.79,101.6,12.4596
630,8.9,39.6,131.92,101.6,12.4596
800,8.9,39.6,130.94,101.6,12.4596
1000,8.9,39.6,129.58,101.6,12.4596
1250,8.9,39.6,127.71,101.6,12.4596
1600,8.9,39.6,123.82,101.6,12.4596
2000,8.9,39.6,119.04,101.6,12.4596
2500,8.9,39.6,119.19,101.6,12.4596
3150,8.9,39.6,119.35,101.6,12.4596
4000,8.9,39.6,116.22,101.6,12.4596
5000,8.9,39.6,113.08,101.6,12.4596
6300,8.9,39.6,113.11,101.6,12.4596
200,12.3,71.3,130.588,101.6,33.7792
250,12.3,71.3,131.568,101.6,33.7792
315,12.3,71.3,137.068,101.6,33.7792
400,12.3,71.3,139.428,101.6,33.7792
500,12.3,71.3,140.158,101.6,33.7792
630,12.3,71.3,135.368,101.6,33.7792
800,12.3,71.3,127.318,101.6,33.7792
1000,12.3,71.3,127.928,101.6,33.7792
1250,12.3,71.3,126.648,101.6,33.7792
1600,12.3,71.3,124.748,101.6,33.7792
2000,12.3,71.3,122.218,101.6,33.7792
2500,12.3,71.3,121.318,101.6,33.7792
3150,12.3,71.3,120.798,101.6,33.7792
4000,12.3,71.3,118.018,101.6,33.7792
5000,12.3,71.3,116.108,101.6,33.7792
6300,12.3,71.3,113.958,101.6,33.7792
200,12.3,55.5,132.304,101.6,36.8233
250,12.3,55.5,133.294,101.6,36.8233
315,12.3,55.5,135.674,101.6,36.8233
400,12.3,55.5,136.414,101.6,36.8233
500,12.3,55.5,133.774,101.6,36.8233
630,12.3,55.5,124.244,101.6,36.8233
800,12.3,55.5,125.114,101.6,36.8233
1000,12.3,55.5,125.484,101.6,36.8233
1250,12.3,55.5,124.214,101.6,36.8233
1600,12.3,55.5,121.824,101.6,36.8233
2000,12.3,55.5,118.564,101.6,36.8233
2500,12.3,55.5,117.054,101.6,36.8233
3150,12.3,55.5,116.914,101.6,36.8233
4000,12.3,55.5,114.404,101.6,36.8233
5000,12.3,55.5,112.014,101.6,36.8233
6300,12.3,55.5,110.124,101.6,36.8233
200,12.3,39.6,128.545,101.6,40.826800000000006
250,12.3,39.6,129.675,101.6,40.826800000000006
315,12.3,39.6,129.415,101.6,40.826800000000006
400,12.3,39.6,128.265,101.6,40.826800000000006
500,12.3,39.6,122.205,101.6,40.826800000000006
630,12.3,39.6,121.315,101.6,40.826800000000006
800,12.3,39.6,122.315,101.6,40.826800000000006
1000,12.3,39.6,122.435,101.6,40.826800000000006
1250,12.3,39.6,121.165,101.6,40.826800000000006
1600,12.3,39.6,117.875,101.6,40.826800000000006
2000,12.3,39.6,114.085,101.6,40.826800000000006
2500,12.3,39.6,113.315,101.6,40.826800000000006
3150,12.3,39.6,113.055,101.6,40.826800000000006
4000,12.3,39.6,110.905,101.6,40.826800000000006
5000,12.3,39.6,108.625,101.6,40.826800000000006
6300,12.3,39.6,107.985,101.6,40.826800000000006
200,12.3,31.7,124.987,101.6,41.8756
250,12.3,31.7,125.857,101.6,41.8756
315,12.3,31.7,124.717,101.6,41.8756
400,12.3,31.7,123.207,101.6,41.8756
500,12.3,31.7,118.667,101.6,41.8756
630,12.3,31.7,119.287,101.6,41.8756
800,12.3,31.7,120.037,101.6,41.8756
1000,12.3,31.7,119.777,101.6,41.8756
1250,12.3,31.7,118.767,101.6,41.8756
1600,12.3,31.7,114.477,101.6,41.8756
2000,12.3,31.7,110.447,101.6,41.8756
2500,12.3,31.7,110.317,101.6,41.8756
3150,12.3,31.7,110.307,101.6,41.8756
4000,12.3,31.7,108.407,101.6,41.8756
5000,12.3,31.7,107.147,101.6,41.8756
6300,12.3,31.7,107.267,101.6,41.8756
200,15.6,71.3,130.898,101.6,43.725899999999996
250,15.6,71.3,132.158,101.6,43.725899999999996
315,15.6,71.3,133.808,101.6,43.725899999999996
400,15.6,71.3,134.058,101.6,43.725899999999996
500,15.6,71.3,130.638,101.6,43.725899999999996
630,15.6,71.3,122.288,101.6,43.725899999999996
800,15.6,71.3,124.188,101.6,43.725899999999996
1000,15.6,71.3,124.438,101.6,43.725899999999996
1250,15.6,71.3,123.178,101.6,43.725899999999996
1600,15.6,71.3,121.528,101.6,43.725899999999996
2000,15.6,71.3,119.888,101.6,43.725899999999996
2500,15.6,71.3,118.998,101.6,43.725899999999996
3150,15.6,71.3,116.468,101.6,43.725899999999996
4000,15.6,71.3,113.298,101.6,43.725899999999996
200,15.6,39.6,123.514,101.6,52.8487
250,15.6,39.6,124.644,101.6,52.8487
315,15.6,39.6,122.754,101.6,52.8487
400,15.6,39.6,120.484,101.6,52.8487
500,15.6,39.6,115.304,101.6,52.8487
630,15.6,39.6,118.084,101.6,52.8487
800,15.6,39.6,118.964,101.6,52.8487
1000,15.6,39.6,119.224,101.6,52.8487
1250,15.6,39.6,118.214,101.6,52.8487
1600,15.6,39.6,114.554,101.6,52.8487
2000,15.6,39.6,110.894,101.6,52.8487
2500,15.6,39.6,110.264,101.6,52.8487
3150,15.6,39.6,109.254,101.6,52.8487
4000,15.6,39.6,106.604,101.6,52.8487
5000,15.6,39.6,106.224,101.6,52.8487
6300,15.6,39.6,104.204,101.6,52.8487
